INSERT INTO authority (AUTHORITY_NAME) VALUES ( 'ROLE_USER' );
INSERT INTO authority (AUTHORITY_NAME) VALUES ( 'ROLE_ADMIN' );

INSERT INTO user (USER_ID, EMAIL, ENABLE, PASSWORD, USERNAME, KAKAO_ID, IMAGE_URL) VALUES (1, 'dygks8557@naver.com', true , '$2a$10$3THNdU4D6i3SQjNaQZ4myOGmqPVpJiJKZ8oK9O8qtQCJ1Qalny4MG' , 'jupaka', 1989322455, 'http://localhost:8080/api/file/user/image?fileName=init.png');
-- INSERT INTO user (USER_ID, EMAIL, ENABLE, PASSWORD, USERNAME, KAKAO_ID) VALUES (1, 'dygks8557@naver.com', true , '$2a$10$3THNdU4D6i3SQjNaQZ4myOGmqPVpJiJKZ8oK9O8qtQCJ1Qalny4MG' , 'jupaka', 0);

INSERT INTO verification_token (ID, UUID, EXPIRY_DATE, USER_ID ) VALUES ( 1, '3b9bc0c4-f9cb-423b-b3b2-13adb6ed5584', null, 1 );
INSERT INTO user (USER_ID, EMAIL, ENABLE, PASSWORD, USERNAME, KAKAO_ID, IMAGE_URL) VALUES (2, 'dygks8556@naver.com', false , '$2a$10$3THNdU4D6i3SQjNaQZ4myOGmqPVpJiJKZ8oK9O8qtQCJ1Qalny4MG' , 'cat', 0, 'http://localhost:8080/api/file/user/image?fileName=cat.jpeg');
INSERT INTO verification_token (ID, UUID, EXPIRY_DATE, USER_ID ) VALUES ( 2, '3b9bc0c4-f9cb-423b-b3b2-13adb6ed5585', null, 2 );

INSERT INTO user (USER_ID, EMAIL, ENABLE, PASSWORD, USERNAME, KAKAO_ID, IMAGE_URL) VALUES (3, 'dygks8559@naver.com', false , '$2a$10$3THNdU4D6i3SQjNaQZ4myOGmqPVpJiJKZ8oK9O8qtQCJ1Qalny4MG' , 'man', 0, 'http://localhost:8080/api/file/user/image?fileName=man.jpeg');
INSERT INTO verification_token (ID, UUID, EXPIRY_DATE, USER_ID ) VALUES ( 3, '3b9bc0c4-f9cb-423b-b3b2-13adb6ed5585', null, 3 );


INSERT INTO user_authority (USER_ID, AUTHORITY_NAME) VALUES ( 1, 'ROLE_USER' );
INSERT INTO user_authority (USER_ID, AUTHORITY_NAME) VALUES ( 3, 'ROLE_USER' );
INSERT INTO user_authority (USER_ID, AUTHORITY_NAME) VALUES ( 2, 'ROLE_USER' );

INSERT INTO feed (FEED_ID, TITLE, CONTENT, USER_ID, LIKE_COUNT, CREATE_DATE, KEY) VALUES ( 1, 'TITLE 1', 'Orci varius natoque penatibus et magnis dis parturient montes, nascetur ridiculus mus. Pellentesque velit purus, venenatis nec placerat ut, eleifend dapibus augue. Donec feugiat rutrum venenatis. Vivamus iaculis luctus tellus, in dignissim purus lacinia nec. Quisque risus felis, commodo nec odio eget, luctus malesuada nisi. Cras lobortis at lectus eu varius. Sed tincidunt diam vel elit mattis, ac aliquam ipsum fringilla. Mauris sodales nunc et lorem vehicula, et tristique nisi posuere. Phasellus dictum aliquet dolor, ut consectetur libero mollis et. Mauris ut auctor nunc, non sollicitudin magna. Praesent finibus accumsan nibh at rutrum.', 1, 10, now(), 'ABCDEE');
INSERT INTO feed (FEED_ID, TITLE, CONTENT, USER_ID, LIKE_COUNT, CREATE_DATE, KEY) VALUES ( 2, 'TITLE 2', '꽃이 그러므로 풀이 무엇을 인생의 피가 보이는 쓸쓸하랴? 부패를 행복스럽고 바이며, 있을 이상을 피어나기 얼음에 같지 가지에 것이다. 끝에 않는 같은 듣기만 충분히 어디 황금시대다. 고동을 구하지 굳세게 스며들어 커다란 못하다 있는가? 이는 있는 인간의 갑 우리의 그것을 너의 아름다우냐? 뛰노는 인류의 얼마나 싸인 같이 가슴에 우리의 크고 봄바람이다. 용감하고 내는 사는가 것이다. 사라지지 끝에 긴지라 끓는 가치를 청춘 것이다. 하는 이 거친 부패뿐이다. 살았으며, 커다란 것은 뭇 것이다.

그들의 싸인 되는 가슴에 피어나기 것이다. 풀이 쓸쓸한 이상, 착목한는 산야에 심장은 아니더면, 이것이다. 있는 곧 지혜는 피다. 이상이 천자만홍이 돋고, 보라. 어디 무한한 심장의 예수는 맺어, 관현악이며, 사람은 뛰노는 것이다. 낙원을 능히 보내는 군영과 못하다 인생에 같지 바이며, 봄바람이다. 있으며, 그들의 열매를 피가 시들어 아니다. 설레는 자신과 무엇이 품고 산야에 희망의 그들은 것이다. 무엇이 밝은 불러 뜨고, 노년에게서 아니다. 뜨거운지라, 방황하여도, 일월과 것은 충분히 온갖 봄바람을 힘있다.

이상은 위하여 곳으로 우리의 원대하고, 있다. 심장의 때에, 가는 길을 뜨거운지라, 남는 사랑의 무엇을 이것이다. 끓는 우리는 현저하게 시들어 날카로우나 봄바람이다. 구하기 이는 이상 아니다. 원질이 이것을 구하지 것은 있는 밝은 있으랴? 곳으로 그림자는 이상은 자신과 가슴에 사는가 그리하였는가? 품으며, 위하여서 전인 기쁘며, 구할 사람은 가는 열매를 그리하였는가? 우리 우리 바로 살 온갖 생의 길을 약동하다. 열매를 위하여서, 인간은 인생의 인간에 설레는 오직 목숨을 있으랴? 이상은 할지라도 속잎나고, 만물은 자신과 얼마나 사랑의 힘있다. 같으며, 피가 얼마나 그것은 꽃이 생생하며, 소담스러운 보라.', 2, 20, now() - 50, 'ABCDEF');
INSERT INTO feed (FEED_ID, TITLE, CONTENT, USER_ID, LIKE_COUNT, CREATE_DATE, KEY) VALUES ( 3, 'TITLE 3', '역사를 속잎나고, 이는 생생하며, 꽃이 가진 열락의 천고에 없으면 뿐이다. 싹이 내는 소리다.이것은 품에 보이는 두기 끓는 하였으며, 위하여서. 피가 돋고, 그들의 든 피다. 그들에게 갑 이상의 힘있다. 힘차게 위하여 피부가 방황하여도, 예수는 이성은 청춘이 하였으며, 사막이다. 보는 청춘의 위하여서 관현악이며, 그들의 사랑의 얼음과 것이다. 무엇을 가치를 하는 투명하되 별과 아름다우냐? 남는 끓는 주는 있는가? 봄날의 구하지 눈이 설레는 방황하였으며, 방지하는 그들에게 작고 위하여 봄바람이다. 대고, 바이며, 위하여 때에, 같이, 그림자는 품으며, 찬미를 인간이 사막이다. 끓는 우리 거친 없으면, 얼마나 사람은 바이며, 사랑의 칼이다.', 1, 10, now() - 55 ,'ABCDES');
INSERT INTO feed (FEED_ID, TITLE, CONTENT, USER_ID, LIKE_COUNT, CREATE_DATE, KEY) VALUES ( 4, 'TITLE 4', 'Lorem ipsum dolor sit amet, consectetur adipiscing elit. Donec malesuada in libero a bibendum. Donec venenatis tortor vel orci tempus blandit. Suspendisse maximus gravida massa, tempus consequat dolor sollicitudin at. Phasellus molestie neque blandit egestas rutrum. Quisque maximus condimentum libero sagittis malesuada. Nulla elit libero, fermentum a rhoncus at, lobortis non ante. Nunc cursus eros orci, eu ultrices nisl pretium a. Nunc pulvinar, lorem a dapibus feugiat, risus est blandit ex, eget varius nibh eros quis libero. Duis vulputate lacus non venenatis interdum. Nullam semper cursus pretium.', 1, 30, now()- 60,'ABCDS' );
INSERT INTO feed (FEED_ID, TITLE, CONTENT, USER_ID, LIKE_COUNT, CREATE_DATE, KEY) VALUES ( 5, 'TITLE 5', 'Phasellus leo lacus, accumsan ut nunc quis, suscipit malesuada eros. In hac habitasse platea dictumst. Nullam vestibulum, lacus nec tincidunt iaculis, nulla risus rhoncus nulla, in porta est lacus sed dui. Ut auctor imperdiet augue, id cursus leo. Ut eu porta mi, nec aliquam ex. Duis justo libero, ornare a lobortis bibendum, venenatis vel mauris. Vivamus eget quam ligula. Sed molestie pulvinar venenatis. Sed ultricies cursus arcu, in fermentum libero rutrum ut. Quisque auctor odio diam, et fermentum orci venenatis vel. Lorem ipsum dolor sit amet, consectetur adipiscing elit. Donec nunc justo, lobortis sed eleifend non, dictum et purus. Praesent ac elit et magna sodales faucibus.

Integer orci arcu, faucibus ac imperdiet a, commodo sit amet diam. Maecenas venenatis leo vel odio pellentesque ullamcorper. Vivamus posuere nulla tempor, bibendum mauris eget, dictum purus. Etiam porta libero mauris, sed fermentum lectus luctus a. Mauris lacinia accumsan tellus a consectetur. Nulla erat urna, viverra at suscipit quis, bibendum nec purus. Quisque dignissim placerat lectus in ornare. Duis ut tellus at ex ornare mollis vitae quis elit. Sed ut est dui. Praesent suscipit eleifend malesuada. Donec accumsan est id tellus ullamcorper, eget consequat nibh ultricies. Proin consectetur facilisis justo commodo elementum. Aenean in ipsum erat. Nullam eu sodales turpis, nec fringilla lacus. Morbi vitae leo sed lectus pellentesque euismod nec a velit.', 1, 10, now() - 1 ,'ABCDESA');
INSERT INTO feed (FEED_ID, TITLE, CONTENT, USER_ID, LIKE_COUNT, CREATE_DATE, KEY) VALUES ( 6, 'TITLE 6', 'Pellentesque accumsan scelerisque ligula eget faucibus. Sed scelerisque gravida eros, id lacinia odio consectetur vitae. Aenean ultricies, libero eu cursus accumsan, erat sapien vehicula nibh, vel venenatis orci metus ac lectus. Maecenas non convallis enim. Pellentesque felis mauris, dapibus ac egestas ut, venenatis eu sapien. Phasellus at ultrices sem, vitae volutpat arcu. Aliquam efficitur in tortor ut viverra. Mauris elementum at ante quis posuere. Donec a ante sit amet purus ultrices lobortis ut at neque. Vestibulum pellentesque erat nec sodales viverra.', 1, 40, now()-2, 'ABCDESWERWE' );
INSERT INTO feed (FEED_ID, TITLE, CONTENT, USER_ID, LIKE_COUNT, CREATE_DATE, KEY) VALUES ( 7, 'TITLE 7', '
같이, 보이는 얼마나 희망의 있는가? 산야에 날카로우나 어디 예가 있는 가치를 가는 운다. 긴지라 무엇이 있는 있음으로써 과실이 바이며, 것이다. 힘차게 행복스럽고 품었기 예가 착목한는 사는가 철환하였는가? 것은 것이 인간은 가치를 듣기만 따뜻한 구할 미인을 철환하였는가? 현저하게 인생을 생의 열락의 가는 가슴에 원대하고, 목숨을 커다란 것이다. 그들의 더운지라 따뜻한 불러 인생의 간에 구할 풀이 대한 아니다. 없으면, 속에서 반짝이는 것이다. 예수는 동산에는 수 품으며, 가슴이 그것을 들어 부패뿐이다. 있는 얼음에 트고, 따뜻한 우리는 위하여 가진 길을 피다.', 3, 10, now()-3 ,'ABCDEqwedcsS');
INSERT INTO feed (FEED_ID, TITLE, CONTENT, USER_ID, LIKE_COUNT, CREATE_DATE, KEY) VALUES ( 8, 'TITLE 8', '있는 용기가 것은 대한 원질이 스며들어 가치를 그들의 우리의 있으랴? 예가 어디 찾아다녀도, 얼마나 그러므로 찬미를 품으며, 청춘의 인간에 봄바람이다. 그들의 같으며, 꾸며 청춘의 커다란 따뜻한 철환하였는가? 두기 가슴이 피어나기 피가 사는가 때에, 우리 천고에 것이다. 인생의 그들의 청춘을 실로 구할 스며들어 있는 때문이다. 과실이 우리는 주는 할지라도 불러 작고 것이다. 보는 유소년에게서 너의 심장은 돋고, 뿐이다. 이는 것은 인생의 온갖 커다란 든 발휘하기 이상의 새 부패뿐이다. 살 그들은 밥을 있는 끓는 힘차게 같지 할지라도 평화스러운 아름다우냐? 속에서 따뜻한 무엇을 살았으며, 열매를 앞이 영락과 보라. 방황하여도, 이상의 있는 것이다.

기쁘며, 크고 그들에게 하는 품었기 들어 싶이 뿐이다. 청춘을 꽃 보이는 있다. 행복스럽고 역사를 찾아다녀도, 길지 따뜻한 착목한는 안고, 끓는 칼이다. 붙잡아 끓는 피고, 스며들어 무엇을 위하여서. 이상을 새가 구하지 맺어, 스며들어 그들의 황금시대를 얼마나 쓸쓸하랴? 현저하게 때에, 살 불러 있으랴? 같으며, 피고, 얼마나 피다. 생의 자신과 부패를 역사를 위하여서. 있음으로써 방황하여도, 피어나기 위하여서, 이것이다.', 1, 30, now()-4, 'ABCDESqf' );
INSERT INTO feed (FEED_ID, TITLE, CONTENT, USER_ID, LIKE_COUNT, CREATE_DATE, KEY) VALUES ( 9, 'TITLE 9', 'Class aptent taciti sociosqu ad litora torquent per conubia nostra, per inceptos himenaeos. Sed vel lorem libero. Phasellus sagittis posuere luctus. Maecenas hendrerit consectetur metus vestibulum lobortis. Sed aliquet condimentum congue. Sed rhoncus iaculis justo, at aliquet est. Praesent ullamcorper interdum massa ac ornare. Cras maximus, ligula sagittis hendrerit consectetur, lacus nulla fermentum arcu, sed aliquam justo velit in justo. Integer cursus convallis arcu, vel bibendum tortor eleifend nec. Etiam posuere, mi eu luctus placerat, augue neque hendrerit lorem, vel varius sem nibh eget sapien. Curabitur dignissim quam purus, eu tincidunt nisl pellentesque non. Donec tincidunt erat sit amet nisi ornare, eget imperdiet metus viverra. Suspendisse pretium dui non nunc molestie aliquam. Donec eget ipsum tempus, ultricies turpis ac, fermentum tellus. Phasellus eu augue libero. Integer vitae bibendum neque.', 1, 10, now()-5, 'ABCDESy' );
INSERT INTO feed (FEED_ID, TITLE, CONTENT, USER_ID, LIKE_COUNT, CREATE_DATE, KEY) VALUES ( 10, 'TITLE 10', 'Donec imperdiet mattis sapien, auctor interdum est commodo a. Donec sed lorem a dolor ultricies facilisis. Sed et est pellentesque, hendrerit diam non, euismod ipsum. Vestibulum vel rutrum erat. Vestibulum eu ipsum eget lorem sagittis pharetra in at libero. Praesent blandit commodo purus, eget commodo eros pretium eget. Donec blandit mi dapibus, sodales lectus hendrerit, convallis augue.\n

Orci varius natoque penatibus et magnis dis parturient montes, nascetur ridiculus mus. Pellentesque velit purus, venenatis nec placerat ut, eleifend dapibus augue. Donec feugiat rutrum venenatis. Vivamus iaculis luctus tellus, in dignissim purus lacinia nec. Quisque risus felis, commodo nec odio eget, luctus malesuada nisi. Cras lobortis at lectus eu varius. Sed tincidunt diam vel elit mattis, ac aliquam ipsum fringilla. Mauris sodales nunc et lorem vehicula, et tristique nisi posuere. Phasellus dictum aliquet dolor, ut consectetur libero mollis et. Mauris ut auctor nunc, non sollicitudin magna. Praesent finibus accumsan nibh at rutrum.', 1, 20, now()-6, 'ABCDESm' );
INSERT INTO feed (FEED_ID, TITLE, CONTENT, USER_ID, LIKE_COUNT, CREATE_DATE, KEY) VALUES ( 11, 'TITLE 11', '그림자는 방황하였으며, 꾸며 청춘 새가 예가 든 이것이다. 장식하는 소금이라 피어나기 힘있다. 착목한는 따뜻한 곳이 끝까지 같이 보는 인생을 것이다. 청춘을 이것이야말로 얼마나 꽃이 아니더면, 별과 때까지 힘있다. 없으면 주는 피고, 뜨거운지라, 위하여서. 찬미를 것은 피는 피고 몸이 칼이다. 있는 이상, 그들의 청춘을 철환하였는가? 인도하겠다는 이는 동산에는 굳세게 행복스럽고 기관과 그리하였는가? 굳세게 능히 바로 천고에 방황하여도, 칼이다.', 2, 21, now()-7, 'ABCDESlk' );
INSERT INTO feed (FEED_ID, TITLE, CONTENT, USER_ID, LIKE_COUNT, CREATE_DATE, KEY) VALUES ( 12, 'TITLE 12', '열락의 것이 찬미를 고행을 것은 그것은 타오르고 인간에 보라. 우리의 청춘을 우는 있는가? 천하를 속잎나고, 끓는 안고, 같이, 피다. 커다란 같이, 청춘을 찬미를 있는 희망의 피는 뼈 때문이다. 만천하의 사람은 힘차게 청춘의 고행을 봄바람이다. 품었기 그들은 피고 위하여서. 눈에 풍부하게 가진 이상의 자신과 보라. 청춘을 불어 사랑의 거친 공자는 지혜는 것이다. 이상은 풍부하게 그것을 용감하고 얼마나 따뜻한 칼이다.

영원히 청춘이 대한 것이다. 우는 공자는 하는 것이다. 방황하여도, 들어 이상이 평화스러운 풀이 날카로우나 붙잡아 하였으며, 위하여서. 동력은 소금이라 지혜는 피부가 것은 얼마나 교향악이다. 크고 같지 풍부하게 싸인 말이다. 발휘하기 사라지지 고행을 되는 간에 것이다. 보내는 동력은 그것은 행복스럽고 같이, 할지라도 일월과 역사를 끓는다. 얼음 넣는 방황하였으며, 인도하겠다는 아름다우냐? 황금시대를 얼음이 따뜻한 공자는 예수는 천하를 얼음과 동력은 이것이다.', 2, 21, now()-8, 'ABCDESsdfa' );
INSERT INTO feed (FEED_ID, TITLE, CONTENT, USER_ID, LIKE_COUNT, CREATE_DATE, KEY) VALUES ( 13, 'TITLE 13', 'Pellentesque lobortis volutpat tortor quis accumsan. Donec et felis massa. Donec at risus eget velit tristique efficitur sed ac lectus. In finibus nisi ut dui pellentesque ultricies. Suspendisse faucibus lorem eu nibh pharetra vestibulum. Sed at rutrum ante. Vivamus nec vestibulum ipsum.

Suspendisse magna justo, facilisis id blandit sed, laoreet quis nisi. Ut laoreet augue at sapien molestie, a pulvinar turpis euismod. Praesent sem urna, tincidunt ac metus eu, pulvinar aliquet nulla.', 1, 24, now()-9, 'ABCDESpoio' );
INSERT INTO feed (FEED_ID, TITLE, CONTENT, USER_ID, LIKE_COUNT, CREATE_DATE, KEY) VALUES ( 14, 'TITLE 14', 'Suspendisse facilisis magna quis nisl egestas vestibulum. Nulla sit amet eros accumsan, convallis erat vitae, blandit lorem. Duis id metus et mi rhoncus malesuada. Suspendisse sodales eros vitae ex ullamcorper, sed vehicula leo tincidunt. Duis varius quis libero quis ornare. Curabitur ultricies odio nec dolor tempor, in vehicula neque tincidunt. Nullam porttitor convallis tellus, id vestibulum augue condimentum ac. Vestibulum ante ipsum primis in faucibus orci luctus et ultrices posuere cubilia curae; Praesent eu suscipit arcu. Suspendisse ut diam id purus tincidunt tempor ac nec sem. Nam id augue finibus nunc porttitor convallis. Curabitur dapibus lectus id imperdiet vehicula. Etiam vitae neque odio. Maecenas facilisis ultricies magna nec ullamcorper. Nulla finibus metus felis, nec finibus arcu dignissim sed. Ut et dui ut felis convallis sagittis sodales id enim.', 1, 26, now()-10, 'ABCDE123S' );
INSERT INTO feed (FEED_ID, TITLE, CONTENT, USER_ID, LIKE_COUNT, CREATE_DATE, KEY) VALUES ( 15, 'TITLE 15', 'Aliquam leo purus, gravida at lorem vel, tincidunt egestas mi. Nulla ornare ex et enim dapibus, at viverra mauris tincidunt. Sed iaculis sodales purus, sed convallis massa bibendum et. Vestibulum ante ipsum primis in faucibus orci luctus et ultrices posuere cubilia curae; Phasellus sagittis, arcu sit amet porttitor consectetur, metus massa facilisis augue, a pretium lacus quam aliquet tortor. Quisque vulputate sagittis justo, sagittis tristique ligula dictum et. Phasellus tristique porttitor cursus. Vivamus et libero congue, sollicitudin felis ac, elementum ex. Fusce sagittis, ipsum sed efficitur vulputate, sapien mauris vulputate elit, ac laoreet dui eros interdum erat. Sed molestie tortor et elit placerat luctus a vel massa. Suspendisse vel lorem sollicitudin, volutpat neque nec, venenatis turpis. Duis in volutpat velit.', 1, 1, now()-11, 'ABC12516DES' );
INSERT INTO feed (FEED_ID, TITLE, CONTENT, USER_ID, LIKE_COUNT, CREATE_DATE, KEY) VALUES ( 16, 'TITLE 16', '우리는 청춘을 구하지 이상은 이것은 봄날의 눈이 인간의 황금시대의 품에 것이다. 청춘이 얼마나 관현악이며, 약동하다. 위하여 위하여서, 청춘의 대중을 끓는 얼음이 무엇을 되려니와, 황금시대의 것은 속잎나고, 뿐이다. 되는 싸인 이 우리의 봄날의 커다란 밝은 것이다.
', 1, 10, now()-12, 'ABCDES09347091384098usdf' );
INSERT INTO feed (FEED_ID, TITLE, CONTENT, USER_ID, LIKE_COUNT, CREATE_DATE, KEY) VALUES ( 17, 'TITLE 17', '일월과 영원히 웅대한 들어 것이다. 하는 얼음에 품고 위하여, 길을 동력은 새가 천고에 보라. 청춘의 그들의 우리 열매를 인도하겠다는 피가 이는 실현에 칼이다. 영락과 이 쓸쓸한 기쁘며, 몸이 동산에는 그들의 피다. 끓는 구하지 듣기만 말이다. 피어나는 석가는 영원히 꾸며 그들은 기쁘며, 것이 찬미를 운다. 가치를 사랑의 모래뿐일 피는 품에 노년에게서 이것이다. 않는 더운지라 이 끝에 없는 운다. 이상의 평화스러운 기관과 길지 봄바람이다. 피가 발휘하기 꽃 교향악이다.', 3, 10, now()-13, 'ABCDES900' );
INSERT INTO feed (FEED_ID, TITLE, CONTENT, USER_ID, LIKE_COUNT, CREATE_DATE, KEY) VALUES ( 18, 'TITLE 18', '기관과 청춘은 가슴이 생명을 철환하였는가? 살 풍부하게 이 우리는 얼음이 위하여서. 동산에는 만물은 용감하고 영원히 눈이 구하지 피에 약동하다. 옷을 때에, 피가 있는가? 전인 곳이 트고, 아름답고 황금시대다. 이것이야말로 온갖 주며, 보라. 얼음에 행복스럽고 하는 인생을 이상의 끓는다. 따뜻한 실현에 목숨이 아니다. 있을 영락과 것이 인간의 사랑의 돋고, 사랑의 것이다. 생생하며, 않는 그들의 위하여서.

시들어 노년에게서 인생에 속에서 놀이 모래뿐일 그들에게 쓸쓸하랴? 듣기만 인생에 얼마나 우리 교향악이다. 소리다.이것은 없는 밝은 방황하여도, 목숨을 품고 철환하였는가? 되는 심장은 더운지라 앞이 커다란 우리의 거선의 않는 때문이다. 트고, 이상의 예수는 그것을 보는 얼마나 불어 있다. 것이다.보라, 인생의 따뜻한 심장의 앞이 청춘 것은 자신과 같은 끓는다. 품었기 꽃이 피에 찾아다녀도, 청춘이 구하지 불어 대중을 아니다. 용감하고 주는 속에 보이는 때문이다. 청춘은 곳으로 않는 교향악이다. 별과 넣는 위하여서 군영과 열매를 것이다.', 3, 30, now()-14 , 'ABCDES23490809sdf');
--
-- INSERT INTO likes (LIKES_ID, LIKE_TYPE, FEED_ID, USER_ID) VALUES ( 1, 'UPLIKE', 6, 1 );
-- INSERT INTO likes (LIKES_ID, LIKE_TYPE, FEED_ID, USER_ID) VALUES ( 2, 'DOWNLIKE', 4, 1 );
-- INSERT INTO likes (LIKES_ID, LIKE_TYPE, FEED_ID, USER_ID) VALUES ( 3, 'DOWNLIKE', 8, 1 );
-- INSERT INTO likes (LIKES_ID, LIKE_TYPE, FEED_ID, USER_ID) VALUES ( 4, 'UPLIKE', 18, 1 );
-- INSERT INTO likes (LIKES_ID, LIKE_TYPE, FEED_ID, USER_ID) VALUES ( 5, 'DOWNLIKE', 6, 2 );
-- INSERT INTO likes (LIKES_ID, LIKE_TYPE, FEED_ID, USER_ID) VALUES ( 6, 'UPLIKE', 4, 2 );
-- INSERT INTO likes (LIKES_ID, LIKE_TYPE, FEED_ID, USER_ID) VALUES ( 7, 'UPLIKE', 8, 2 );
-- INSERT INTO likes (LIKES_ID, LIKE_TYPE, FEED_ID, USER_ID) VALUES ( 8, 'DOWNLIKE', 18, 2 );

INSERT INTO comment (COMMENT_CONTENT, USER_ID, FEED_ID, COMMENT_ID, CREATE_DATE) VALUES ( 'Content1', 1, 1, 1, now());
INSERT INTO comment (COMMENT_CONTENT, USER_ID, FEED_ID, COMMENT_ID, CREATE_DATE) VALUES ( 'Content2', 2, 1, 2 ,now()-1);
INSERT INTO comment (COMMENT_CONTENT, USER_ID, FEED_ID, COMMENT_ID, CREATE_DATE) VALUES ( 'Content3', 3, 1, 3 ,now()-2);
INSERT INTO comment (COMMENT_CONTENT, USER_ID, FEED_ID, COMMENT_ID, CREATE_DATE) VALUES ( 'Content4', 3, 1, 4 ,now());
INSERT INTO comment (COMMENT_CONTENT, USER_ID, FEED_ID, COMMENT_ID, CREATE_DATE) VALUES ( 'Content5', 2, 1, 5 ,now()-4);
INSERT INTO comment (COMMENT_CONTENT, USER_ID, FEED_ID, COMMENT_ID, CREATE_DATE) VALUES ( 'Content6', 1, 1, 6, now());
INSERT INTO comment (COMMENT_CONTENT, USER_ID, FEED_ID, COMMENT_ID, CREATE_DATE) VALUES ( 'Content7', 2, 1, 7 ,now()-7);

INSERT INTO comment (COMMENT_CONTENT, USER_ID, FEED_ID, COMMENT_ID, CREATE_DATE) VALUES ( 'Content8', 1, 2, 8 ,now());
INSERT INTO comment (COMMENT_CONTENT, USER_ID, FEED_ID, COMMENT_ID, CREATE_DATE) VALUES ( 'Content9', 1, 2, 9 ,now());
INSERT INTO comment (COMMENT_CONTENT, USER_ID, FEED_ID, COMMENT_ID, CREATE_DATE) VALUES ( 'Content0', 2, 2, 10 ,now()-10);
INSERT INTO comment (COMMENT_CONTENT, USER_ID, FEED_ID, COMMENT_ID, CREATE_DATE) VALUES ( 'Content11', 1, 2, 11 ,now());


INSERT INTO feed_files (FEED_ID, AFTER_FILENAME, FILE_PATH ) VALUES ( 1,'76f20e78-f149-4dee-ac19-723c3d3656c1.png' ,'/Users/juyohan/BookRedFile/' );
INSERT INTO feed_files (FEED_ID, AFTER_FILENAME, FILE_PATH ) VALUES ( 2,'76f20e78-f149-4dee-ac19-723c3d3656c1.png', '/Users/juyohan/BookRedFile/' );
INSERT INTO feed_files (FEED_ID, AFTER_FILENAME, FILE_PATH ) VALUES ( 2,'jpa.png' ,'/Users/juyohan/BookRedFile/' );
INSERT INTO feed_files (FEED_ID, AFTER_FILENAME , FILE_PATH) VALUES ( 2,'jpa.png' ,'/Users/juyohan/BookRedFile/' );
INSERT INTO feed_files (FEED_ID, AFTER_FILENAME , FILE_PATH) VALUES ( 3, '76f20e78-f149-4dee-ac19-723c3d3656c1.png','/Users/juyohan/BookRedFile/' );
INSERT INTO feed_files (FEED_ID, AFTER_FILENAME , FILE_PATH) VALUES ( 3,'img.png' ,'/Users/juyohan/BookRedFile/' );
INSERT INTO feed_files (FEED_ID, AFTER_FILENAME , FILE_PATH) VALUES ( 4,'76f20e78-f149-4dee-ac19-723c3d3656c1.png' ,'/Users/juyohan/BookRedFile/' );
INSERT INTO feed_files (FEED_ID, AFTER_FILENAME , FILE_PATH) VALUES ( 6,'jpa.png' ,'/Users/juyohan/BookRedFile/' );
INSERT INTO feed_files (FEED_ID, AFTER_FILENAME , FILE_PATH) VALUES ( 9,'76f20e78-f149-4dee-ac19-723c3d3656c1.png' ,'/Users/juyohan/BookRedFile/' );
INSERT INTO feed_files (FEED_ID, AFTER_FILENAME , FILE_PATH) VALUES ( 10,'76f20e78-f149-4dee-ac19-723c3d3656c1.png', '/Users/juyohan/BookRedFile/' );
INSERT INTO feed_files (FEED_ID, AFTER_FILENAME , FILE_PATH) VALUES ( 14,'67d4b856-185d-4a0c-bb1e-49c70c38e13c.png' ,'/Users/juyohan/BookRedFile/' );
INSERT INTO feed_files (FEED_ID, AFTER_FILENAME , FILE_PATH) VALUES ( 13,'76f20e78-f149-4dee-ac19-723c3d3656c1.png' ,'/Users/juyohan/BookRedFile/' );
INSERT INTO feed_files (FEED_ID, AFTER_FILENAME, FILE_PATH ) VALUES ( 1,'67d4b856-185d-4a0c-bb1e-49c70c38e13c.png' ,'/Users/juyohan/BookRedFile/' );
INSERT INTO feed_files (FEED_ID, AFTER_FILENAME, FILE_PATH ) VALUES ( 1,'img.png', '/Users/juyohan/BookRedFile/' );
INSERT INTO feed_files (FEED_ID, AFTER_FILENAME , FILE_PATH) VALUES ( 2,'instagram.png', '/Users/juyohan/BookRedFile/' );
INSERT INTO feed_files (FEED_ID, AFTER_FILENAME , FILE_PATH) VALUES ( 7,'instagram.png' ,'/Users/juyohan/BookRedFile/' );
INSERT INTO feed_files (FEED_ID, AFTER_FILENAME, FILE_PATH ) VALUES ( 7, '76f20e78-f149-4dee-ac19-723c3d3656c1.png','/Users/juyohan/BookRedFile/' );
INSERT INTO feed_files (FEED_ID, AFTER_FILENAME, FILE_PATH ) VALUES ( 5,'img.png' ,'/Users/juyohan/BookRedFile/' );
INSERT INTO feed_files (FEED_ID, AFTER_FILENAME , FILE_PATH) VALUES ( 2,'man.jpeg', '/Users/juyohan/BookRedFile/' );
INSERT INTO feed_files (FEED_ID, AFTER_FILENAME , FILE_PATH) VALUES ( 2,'instagram.png', '/Users/juyohan/BookRedFile/' );
INSERT INTO feed_files (FEED_ID, AFTER_FILENAME , FILE_PATH) VALUES ( 2,'instagram.png', '/Users/juyohan/BookRedFile/' );
INSERT INTO feed_files (FEED_ID, AFTER_FILENAME , FILE_PATH) VALUES ( 2,'cat.jpeg', '/Users/juyohan/BookRedFile/' );


